district_code,neighborhood_name,neighborhood_code
11680,개포동,1168010300
11680,논현동,1168010800
11680,대치동,1168010600
11680,도곡동,1168011800
11680,삼성동,1168010500
11680,세곡동,1168011100
11680,수서동,1168011500
11680,신사동,1168010700
11680,압구정동,1168011000
11680,역삼동,1168010100
11680,율현동,1168011300
11680,일원동,1168011400
11680,자곡동,1168011200
11680,청담동,1168010400
11740,강일동,1174011000
11740,고덕동,1174010200
11740,길동,1174010500
11740,둔촌동,1174010600
11740,명일동,1174010100
11740,상일동,1174010300
11740,성내동,1174010800
11740,암사동,1174010700
11740,천호동,1174010900
11305,미아동,1130510100
11305,번동,1130510200
11305,수유동,1130510300
11305,우이동,1130510400
11500,가양동,1150010400
11500,공항동,1150010800
11500,내발산동,1150010600
11500,등촌동,1150010200
11500,마곡동,1150010500
11500,방화동,1150010900
11500,염창동,1150010100
11500,화곡동,1150010300
11620,남현동,1162010300
11620,봉천동,1162010100
11620,신림동,1162010200
11215,광장동,1121510400
11215,구의동,1121510300
11215,군자동,1121510900
11215,능동,1121510200
11215,자양동,1121510500
11215,중곡동,1121510100
11215,화양동,1121510700
11530,가리봉동,1153010300
11530,개봉동,1153010700
11530,고척동,1153010600
11530,구로동,1153010200
11530,궁동,1153010900
11530,신도림동,1153010100
11530,오류동,1153010800
11530,온수동,1153011000
11530,천왕동,1153011100
11530,항동,1153011200
11545,가산동,1154510100
11545,독산동,1154510200
11545,시흥동,1154510300
11350,공릉동,1135010300
11350,상계동,1135010500
11350,월계동,1135010200
11350,중계동,1135010600
11350,하계동,1135010400
11320,도봉동,1132010800
11320,방학동,1132010600
11320,쌍문동,1132010500
11320,창동,1132010700
11230,답십리동,1123010500
11230,신설동,1123010100
11230,용두동,1123010200
11230,이문동,1123011000
11230,장안동,1123010600
11230,전농동,1123010400
11230,제기동,1123010300
11230,청량리동,1123010700
11230,회기동,1123010800
11230,휘경동,1123010900
11590,노량진동,1159010100
11590,대방동,1159010800
11590,동작동,1159010600
11590,본동,1159010400
11590,사당동,1159010700
11590,상도1동,1159010300
11590,상도동,1159010200
11590,신대방동,1159010900
11590,흑석동,1159010500
11440,공덕동,1144010200
11440,구수동,1144011300
11440,노고산동,1144011000
11440,대흥동,1144010800
11440,도화동,1144010400
11440,동교동,1144012100
11440,마포동,1144010700
11440,망원동,1144012300
11440,상수동,1144011500
11440,상암동,1144012700
11440,서교동,1144012000
11440,성산동,1144012500
11440,신공덕동,1144010300
11440,신수동,1144011100
11440,신정동,1144011700
11440,아현동,1144010100
11440,연남동,1144012400
11440,염리동,1144010900
11440,용강동,1144010500
11440,중동,1144012600
11440,창전동,1144011400
11440,토정동,1144010600
11440,하중동,1144011600
11440,합정동,1144012200
11440,현석동,1144011200
11410,남가좌동,1141012000
11410,냉천동,1141010500
11410,대현동,1141011200
11410,미근동,1141010400
11410,북가좌동,1141011900
11410,북아현동,1141011000
11410,연희동,1141011700
11410,영천동,1141010800
11410,창천동,1141011600
11410,천연동,1141010600
11410,충정로2가,1141010100
11410,충정로3가,1141010200
11410,합동,1141010300
11410,현저동,1141010900
11410,홍은동,1141011800
11410,홍제동,1141011100
11650,내곡동,1165010900
11650,반포동,1165010700
11650,방배동,1165010100
11650,서초동,1165010800
11650,신원동,1165011100
11650,양재동,1165010200
11650,우면동,1165010300
11650,잠원동,1165010600
11200,금호동1가,1120010900
11200,금호동2가,1120011000
11200,금호동3가,1120011100
11200,금호동4가,1120011200
11200,도선동,1120010400
11200,마장동,1120010500
11200,사근동,1120010600
11200,상왕십리동,1120010100
11200,성수동1가,1120011400
11200,성수동2가,1120011500
11200,송정동,1120011800
11200,옥수동,1120011300
11200,용답동,1120012200
11200,응봉동,1120010800
11200,하왕십리동,1120010200
11200,행당동,1120010700
11200,홍익동,1120010300
11290,길음동,1129013400
11290,돈암동,1129010300
11290,동선동1가,1129011600
11290,동선동3가,1129011800
11290,동선동4가,1129011900
11290,동선동5가,1129012000
11290,동소문동4가,1129010700
11290,동소문동5가,1129010800
11290,동소문동6가,1129010900
11290,동소문동7가,1129011000
11290,보문동1가,1129013000
11290,보문동2가,1129013100
11290,보문동3가,1129013200
11290,보문동4가,1129012600
11290,보문동5가,1129012700
11290,보문동6가,1129012800
11290,보문동7가,1129012900
11290,삼선동2가,1129011200
11290,삼선동3가,1129011300
11290,삼선동4가,1129011400
11290,삼선동5가,1129011500
11290,상월곡동,1129013700
11290,석관동,1129013900
11290,성북동,1129010100
11290,성북동1가,1129010200
11290,안암동1가,1129012100
11290,안암동2가,1129012200
11290,안암동3가,1129012300
11290,안암동4가,1129012400
11290,안암동5가,1129012500
11290,장위동,1129013800
11290,정릉동,1129013300
11290,종암동,1129013500
11290,하월곡동,1129013600
11710,가락동,1171010700
11710,거여동,1171011300
11710,마천동,1171011400
11710,문정동,1171010800
11710,방이동,1171011100
11710,삼전동,1171010600
11710,석촌동,1171010500
11710,송파동,1171010400
11710,신천동,1171010200
11710,오금동,1171011200
11710,잠실동,1171010100
11710,장지동,1171010900
11710,풍납동,1171010300
11470,목동,1147010200
11470,신월동,1147010300
11470,신정동,1147010100
11560,당산동,1156011700
11560,당산동1가,1156011100
11560,당산동2가,1156011200
11560,당산동3가,1156011300
11560,당산동4가,1156011400
11560,당산동5가,1156011500
11560,당산동6가,1156011600
11560,대림동,1156013300
11560,도림동,1156011800
11560,문래동1가,1156011900
11560,문래동3가,1156012100
11560,문래동4가,1156012200
11560,문래동5가,1156012300
11560,문래동6가,1156012400
11560,신길동,1156013200
11560,양평동1가,1156012500
11560,양평동2가,1156012600
11560,양평동3가,1156012700
11560,양평동4가,1156012800
11560,양평동5가,1156012900
11560,양평동6가,1156013000
11560,여의도동,1156011000
11560,영등포동,1156010100
11560,영등포동1가,1156010200
11560,영등포동2가,1156010300
11560,영등포동3가,1156010400
11560,영등포동4가,1156010500
11560,영등포동5가,1156010600
11560,영등포동6가,1156010700
11560,영등포동7가,1156010800
11560,영등포동8가,1156010900
11170,갈월동,1117010400
11170,도원동,1117012000
11170,동빙고동,1117013200
11170,동자동,1117010700
11170,문배동,1117012200
11170,보광동,1117013600
11170,산천동,1117011500
11170,서빙고동,1117013300
11170,신계동,1117012300
11170,신창동,1117011400
11170,용문동,1117012100
11170,용산동2가,1117010200
11170,용산동5가,1117012700
11170,원효로1가,1117011200
11170,원효로2가,1117011300
11170,원효로3가,1117011700
11170,원효로4가,1117011800
11170,이촌동,1117012900
11170,이태원동,1117013000
11170,주성동,1117013400
11170,청암동,1117011600
11170,청파동1가,1117010900
11170,청파동3가,1117011100
11170,한강로1가,1117012400
11170,한강로2가,1117012500
11170,한강로3가,1117012800
11170,한남동,1117013100
11170,효창동,1117011900
11170,후암동,1117010100
11380,갈현동,1138010400
11380,구산동,1138010500
11380,녹번동,1138010200
11380,대조동,1138010600
11380,불광동,1138010300
11380,수색동,1138010100
11380,신사동,1138010900
11380,역촌동,1138010800
11380,응암동,1138010700
11380,증산동,1138011000
11380,진관동,1138011400
11110,견지동,1111012900
11110,관수동,1111015500
11110,교북동,1111018000
11110,구기동,1111018200
11110,낙원동,1111013700
11110,내수동,1111011800
11110,당주동,1111011700
11110,동숭동,1111016800
11110,명륜1가,1111017000
11110,명륜2가,1111017100
11110,명륜3가,1111017300
11110,무악동,1111018700
11110,부암동,1111018400
11110,사직동,1111011500
11110,수송동,1111012400
11110,숭인동,1111017500
11110,신교동,1111010200
11110,신문로1가,1111012000
11110,신문로2가,1111012100
11110,신영동,1111018600
11110,연건동,1111016600
11110,연지동,1111016000
11110,옥인동,1111011100
11110,이화동,1111016500
11110,익선동,1111013300
11110,인의동,1111015700
11110,창신동,1111017400
11110,청운동,1111010100
11110,충신동,1111016700
11110,통인동,1111010800
11110,평동,1111017700
11110,평창동,1111018300
11110,필운동,1111011300
11110,행촌동,1111018100
11110,혜화동,1111016900
11110,홍파동,1111017900
11110,효제동,1111016200
11140,광희동2가,1114014600
11140,남대문로5가,1114011800
11140,남산동2가,1114012900
11140,남창동,1114011200
11140,만리동1가,1114017300
11140,만리동2가,1114017400
11140,무학동,1114016400
11140,묵정동,1114013600
11140,산림동,1114015700
11140,순화동,1114016800
11140,신당동,1114016200
11140,예장동,1114014200
11140,오장동,1114015400
11140,을지로5가,1114015100
11140,을지로6가,1114014800
11140,인현동2가,1114013400
11140,입정동,1114015600
11140,장충동1가,1114014300
11140,장충동2가,1114014400
11140,정동,1114016700
11140,주교동,1114015200
11140,중림동,1114017100
11140,충무로4가,1114013200
11140,충무로5가,1114013300
11140,필동1가,1114013700
11140,필동3가,1114013900
11140,황학동,1114016500
11140,회현동1가,1114012100
11140,회현동2가,1114012200
11140,흥인동,1114016300
11260,망우동,1126010500
11260,면목동,1126010100
11260,묵동,1126010400
11260,상봉동,1126010200
11260,신내동,1126010600
11260,중화동,1126010300
41820,가평읍,4182025000
41820,상면,4182033000
41820,설악면,4182031000
41820,조종면,4182034500
41820,청평면,4182032500
41281,고양동,4128111600
41281,관산동,4128111800
41281,내유동,4128111900
41281,덕은동,4128113100
41281,도내동,4128110500
41281,동산동,4128111200
41281,삼송동,4128111100
41281,성사동,4128110600
41281,신원동,4128110300
41281,오금동,4128111000
41281,원흥동,4128110400
41281,주교동,4128110100
41281,지축동,4128110900
41281,토당동,4128112000
41281,행신동,4128112800
41281,향동동,4128113200
41281,화정동,4128112300
41285,마두동,4128510500
41285,백석동,4128510600
41285,사리현동,4128510900
41285,성석동,4128511300
41285,식사동,4128510100
41285,장항동,4128510400
41285,정발산동,4128510300
41285,중산동,4128510200
41285,풍동,4128510700
41287,가좌동,4128710600
41287,대화동,4128710400
41287,덕이동,4128710500
41287,일산동,4128710100
41287,주엽동,4128710200
41287,탄현동,4128710300
41290,갈현동,4129010300
41290,과천동,4129010500
41290,별양동,4129010900
41290,부림동,4129011000
41290,원문동,4129010800
41290,중앙동,4129010700
41210,광명동,4121010100
41210,소하동,4121010400
41210,일직동,4121010600
41210,철산동,4121010200
41210,하안동,4121010300
41610,경안동,4161010100
41610,고산동,4161011400
41610,곤지암읍,4161025900
41610,능평동,4161011600
41610,도척면,4161033000
41610,매산동,4161011900
41610,목현동,4161010600
41610,문형동,4161011700
41610,삼동,4161010700
41610,송정동,4161010300
41610,신현동,4161011500
41610,쌍령동,4161010200
41610,양벌동,4161012000
41610,역동,4161011200
41610,장지동,4161011100
41610,초월읍,4161025300
41610,추자동,4161011800
41610,탄벌동,4161010500
41610,태전동,4161011000
41610,퇴촌면,4161034000
41610,회덕동,4161010400
41310,갈매동,4131010100
41310,교문동,4131010400
41310,수택동,4131010500
41310,아천동,4131010600
41310,인창동,4131010300
41310,토평동,4131010700
41410,금정동,4141010500
41410,당동,4141010100
41410,당정동,4141010200
41410,대야미동,4141010800
41410,도마교동,4141010900
41410,부곡동,4141010300
41410,산본동,4141010400
41570,감정동,4157010500
41570,걸포동,4157010200
41570,고촌읍,4157025300
41570,구래동,4157010900
41570,마산동,4157010800
41570,북변동,4157010100
41570,사우동,4157010600
41570,양촌읍,4157025600
41570,운양동,4157010300
41570,장기동,4157010400
41570,통진읍,4157025000
41570,풍무동,4157010700
41570,하성면,4157036000
41360,금곡동,4136010300
41360,다산동,4136011200
41360,별내동,4136011100
41360,별내면,4136031000
41360,오남읍,4136026200
41360,와부읍,4136025000
41360,진건읍,4136025900
41360,진접읍,4136025300
41360,퇴계원읍,4136026500
41360,평내동,4136010200
41360,호평동,4136010100
41360,화도읍,4136025600
41250,광암동,4125010400
41250,동두천동,4125010700
41250,보산동,4125010600
41250,상패동,4125011200
41250,생연동,4125010300
41250,송내동,4125010100
41250,지행동,4125010200
41194,괴안동,4119410400
41194,범박동,4119410300
41194,소사본동,4119410100
41194,송내동,4119410500
41194,심곡본동,4119410200
41194,옥길동,4119410600
41196,고강동,4119610500
41196,내동,4119610800
41196,삼정동,4119610700
41196,여월동,4119610200
41196,오정동,4119610100
41196,원종동,4119610400
41196,작동,4119610300
41192,도당동,4119210400
41192,상동,4119210900
41192,소사동,4119210600
41192,심곡동,4119210200
41192,약대동,4119210500
41192,역곡동,4119210700
41192,원미동,4119210100
41192,중동,4119210800
41192,춘의동,4119210300
41135,구미동,4113511400
41135,궁내동,4113511200
41135,금곡동,4113511100
41135,대장동,4113511600
41135,백현동,4113511000
41135,분당동,4113510100
41135,삼평동,4113510900
41135,서현동,4113510500
41135,수내동,4113510200
41135,야탑동,4113510700
41135,운중동,4113511500
41135,율동,4113510400
41135,이매동,4113510600
41135,정자동,4113510300
41135,판교동,4113510800
41131,고등동,4113111200
41131,단대동,4113110400
41131,수진동,4113110300
41131,시흥동,4113111500
41131,신흥동,4113110100
41131,양지동,4113110600
41131,창곡동,4113110800
41131,태평동,4113110200
41133,금광동,4113310300
41133,도촌동,4113310700
41133,상대원동,4113310500
41133,성남동,4113310100
41133,여수동,4113310600
41133,은행동,4113310400
41133,중앙동,4113313200
41133,하대원동,4113310900
41113,고색동,4111312800
41113,곡반정동,4111313600
41113,구운동,4111313200
41113,권선동,4111313700
41113,금곡동,4111313400
41113,당수동,4111314100
41113,서둔동,4111313100
41113,세류동,4111312600
41113,오목천동,4111312900
41113,입북동,4111314000
41113,탑동,4111313300
41113,평동,4111312700
41113,호매실동,4111313500
41117,망포동,4111710700
41117,매탄동,4111710100
41117,신동,4111710600
41117,영통동,4111710500
41117,원천동,4111710200
41117,이의동,4111710300
41117,하동,4111710400
41111,송죽동,4111113500
41111,연무동,4111113700
41111,영화동,4111113400
41111,율전동,4111113200
41111,이목동,4111113100
41111,정자동,4111113000
41111,조원동,4111113600
41111,천천동,4111113300
41111,파장동,4111112900
41115,고등동,4111513700
41115,교동,4111513200
41115,구천동,4111512600
41115,남수동,4111512700
41115,매교동,4111513300
41115,매산로1가,4111513400
41115,매산로2가,4111513500
41115,매산로3가,4111513600
41115,북수동,4111512900
41115,우만동,4111514000
41115,인계동,4111514100
41115,중동,4111512500
41115,지동,4111513900
41115,팔달로1가,4111512000
41115,팔달로2가,4111512100
41115,화서동,4111513800
41390,거모동,4139012700
41390,광석동,4139012100
41390,군자동,4139012800
41390,논곡동,4139012500
41390,능곡동,4139011800
41390,대야동,4139010100
41390,도창동,4139010900
41390,매화동,4139010800
41390,목감동,4139012600
41390,미산동,4139010500
41390,배곧동,4139013500
41390,산현동,4139012300
41390,신천동,4139010200
41390,월곶동,4139013100
41390,은행동,4139010600
41390,장곡동,4139013000
41390,장현동,4139012900
41390,정왕동,4139013200
41390,조남동,4139012400
41390,죽율동,4139013300
41390,포동,4139010400
41390,하상동,4139012000
41390,하중동,4139011900
41273,고잔동,4127310100
41273,선부동,4127310900
41273,신길동,4127310300
41273,와동,4127310200
41273,원곡동,4127310800
41273,초지동,4127310700
41271,건건동,4127111100
41271,본오동,4127110400
41271,부곡동,4127110700
41271,사동,4127110300
41271,사사동,4127111200
41271,성포동,4127110800
41271,수암동,4127111300
41271,월피동,4127110900
41271,이동,4127110200
41271,일동,4127110100
41271,장상동,4127111400
41271,팔곡이동,4127110500
41550,가사동,4155012600
41550,공도읍,4155025000
41550,금광면,4155032000
41550,금산동,4155011400
41550,금석동,4155012000
41550,낙원동,4155010900
41550,당왕동,4155012500
41550,대덕면,4155035000
41550,동본동,4155010600
41550,미양면,4155034000
41550,보개면,4155031000
41550,봉산동,4155010100
41550,석정동,4155011800
41550,숭인동,4155010200
41550,신건지동,4155012800
41550,신소현동,4155012900
41550,신흥동,4155011200
41550,아양동,4155011900
41550,영동,4155010300
41550,옥산동,4155012200
41550,옥천동,4155010800
41550,원곡면,4155038000
41550,인지동,4155011300
41550,일죽면,4155039000
41550,죽산면,4155040000
41550,중리동,4155013300
41550,창전동,4155011000
41173,관양동,4117310200
41173,비산동,4117310100
41173,평촌동,4117310300
41173,호계동,4117310400
41171,박달동,4117110300
41171,석수동,4117110200
41171,안양동,4117110100
41630,고암동,4163011500
41630,고읍동,4163010900
41630,광사동,4163010600
41630,광적면,4163033000
41630,남면,4163032000
41630,덕계동,4163011600
41630,덕정동,4163011000
41630,만송동,4163010700
41630,백석읍,4163025000
41630,산북동,4163010500
41630,삼숭동,4163010800
41630,옥정동,4163011400
41630,장흥면,4163034000
41630,회정동,4163011700
41830,강상면,4183031000
41830,개군면,4183041000
41830,양서면,4183033000
41830,양평읍,4183025000
41830,용문면,4183040000
41670,가남읍,4167025000
41670,교동,4167010800
41670,멱곡동,4167011700
41670,상동,4167010100
41670,세종대왕면,4167034500
41670,연양동,4167011800
41670,오학동,4167012100
41670,월송동,4167010900
41670,점봉동,4167011500
41670,창동,4167010300
41670,천송동,4167012000
41670,하동,4167010700
41670,현암동,4167012200
41670,홍문동,4167010200
41800,연천읍,4180025000
41800,전곡읍,4180025300
41800,청산면,4180032000
41370,가수동,4137012100
41370,갈곶동,4137012400
41370,고현동,4137012200
41370,궐동,4137010400
41370,금암동,4137010700
41370,내삼미동,4137011000
41370,누읍동,4137012000
41370,부산동,4137010200
41370,서동,4137011600
41370,세교동,4137011300
41370,수청동,4137010800
41370,양산동,4137011200
41370,오산동,4137010100
41370,외삼미동,4137011100
41370,원동,4137010300
41370,은계동,4137010900
41370,지곶동,4137011400
41370,청호동,4137012300
41370,탑동,4137011900
41463,고매동,4146310800
41463,공세동,4146310700
41463,구갈동,4146310200
41463,동백동,4146311500
41463,마북동,4146311300
41463,보라동,4146310500
41463,보정동,4146311800
41463,상갈동,4146310300
41463,상하동,4146311700
41463,서천동,4146311000
41463,신갈동,4146310100
41463,언남동,4146311200
41463,영덕동,4146311100
41463,중동,4146311600
41463,지곡동,4146310600
41463,청덕동,4146311400
41463,하갈동,4146310400
41465,동천동,4146510300
41465,상현동,4146510700
41465,성복동,4146510600
41465,신봉동,4146510500
41465,죽전동,4146510200
41465,풍덕천동,4146510100
41461,고림동,4146110600
41461,김량장동,4146110100
41461,남동,4146110400
41461,남사읍,4146125900
41461,마평동,4146110700
41461,모현읍,4146125300
41461,백암면,4146135000
41461,삼가동,4146110300
41461,양지면,4146136000
41461,역북동,4146110200
41461,운학동,4146110800
41461,원삼면,4146134000
41461,유방동,4146110500
41461,이동읍,4146125600
41461,포곡읍,4146125000
41430,고천동,4143010100
41430,내손동,4143010700
41430,삼동,4143010300
41430,오전동,4143010500
41430,왕곡동,4143010400
41430,이동,4143010200
41430,청계동,4143010800
41430,초평동,4143011100
41430,포일동,4143010900
41430,학의동,4143010600
41150,가능동,4115011000
41150,고산동,4115011200
41150,금오동,4115010900
41150,낙양동,4115010700
41150,녹양동,4115011100
41150,민락동,4115010600
41150,산곡동,4115011300
41150,신곡동,4115010400
41150,용현동,4115010500
41150,의정부동,4115010100
41150,장암동,4115010300
41150,호원동,4115010200
41500,갈산동,4150010800
41500,고담동,4150011400
41500,관고동,4150010200
41500,대월면,4150035000
41500,마장면,4150034000
41500,백사면,4150032000
41500,부발읍,4150025300
41500,사음동,4150011100
41500,송정동,4150011000
41500,신둔면,4150031000
41500,안흥동,4150010700
41500,장호원읍,4150025000
41500,중리동,4150010300
41500,증일동,4150010400
41500,증포동,4150010900
41500,창전동,4150010100
41500,호법면,4150033000
41480,검산동,4148010500
41480,광탄면,4148035000
41480,금릉동,4148012300
41480,금촌동,4148010100
41480,다율동,4148010900
41480,동패동,4148011300
41480,목동동,4148011700
41480,문발동,4148011500
41480,문산읍,4148025000
41480,법원읍,4148025600
41480,아동동,4148010200
41480,야당동,4148010800
41480,야동동,4148010400
41480,와동동,4148012200
41480,조리읍,4148026200
41480,탄현면,4148032000
41480,파주읍,4148025300
41220,가재동,4122010700
41220,고덕동,4122012800
41220,고덕면,4122033000
41220,군문동,4122011500
41220,독곡동,4122011100
41220,동삭동,4122011900
41220,비전동,4122011800
41220,서정동,4122010100
41220,세교동,4122012000
41220,소사동,4122012300
41220,신장동,4122011200
41220,안중읍,4122025300
41220,오성면,4122034000
41220,용이동,4122012400
41220,이충동,4122010900
41220,장당동,4122010200
41220,장안동,4122010800
41220,죽백동,4122012700
41220,지산동,4122011000
41220,지제동,4122012100
41220,진위면,4122031000
41220,청북읍,4122025900
41220,칠괴동,4122010400
41220,칠원동,4122010500
41220,통복동,4122011400
41220,팽성읍,4122025000
41220,평택동,4122011300
41220,포승읍,4122025600
41220,합정동,4122011700
41220,현덕면,4122037000
41650,가산면,4165033000
41650,군내면,4165031000
41650,선단동,4165010400
41650,소흘읍,4165025000
41650,신북면,4165034000
41650,신읍동,4165010100
41650,어룡동,4165010200
41650,영북면,4165039000
41650,일동면,4165037000
41450,감북동,4145011300
41450,감이동,4145011500
41450,감일동,4145011400
41450,덕풍동,4145010800
41450,망월동,4145010900
41450,선동,4145011200
41450,신장동,4145010600
41450,창우동,4145010300
41450,풍산동,4145011000
41450,학암동,4145011600
41590,기산동,4159011900
41590,기안동,4159012400
41590,남양읍,4159026200
41590,능동,4159011800
41590,마도면,4159033000
41590,매송면,4159031000
41590,목동,4159013400
41590,반송동,4159012700
41590,반월동,4159012000
41590,반정동,4159012100
41590,병점동,4159011700
41590,봉담읍,4159025300
41590,비봉면,4159032000
41590,산척동,4159013500
41590,새솔동,4159014000
41590,석우동,4159012800
41590,송동,4159013700
41590,송산동,4159012500
41590,송산면,4159034000
41590,신동,4159013300
41590,안녕동,4159012600
41590,양감면,4159040000
41590,영천동,4159013100
41590,오산동,4159012900
41590,우정읍,4159025600
41590,장안면,4159037000
41590,장지동,4159013600
41590,정남면,4159041000
41590,진안동,4159011600
41590,청계동,4159013000
41590,팔탄면,4159036000
41590,향남읍,4159025900
28710,강화읍,2871025000
28710,길상면,2871033000
28710,삼산면,2871041000
28710,선원면,2871031000
28245,계산동,2824510200
28245,귤현동,2824511100
28245,동양동,2824511000
28245,박촌동,2824510900
28245,방축동,2824510800
28245,병방동,2824510700
28245,서운동,2824510400
28245,오류동,2824511800
28245,용종동,2824510600
28245,이화동,2824511700
28245,임학동,2824510500
28245,작전동,2824510300
28245,장기동,2824512300
28245,효성동,2824510100
28200,간석동,2820010200
28200,구월동,2820010100
28200,남촌동,2820010700
28200,논현동,2820011000
28200,도림동,2820010900
28200,만수동,2820010300
28200,서창동,2820010500
28200,장수동,2820010400
28140,금곡동,2814010600
28140,만석동,2814010100
28140,송림동,2814010700
28140,송현동,2814010300
28140,화수동,2814010200
28177,관교동,2817710600
28177,도화동,2817710400
28177,문학동,2817710700
28177,숭의동,2817710100
28177,용현동,2817710200
28177,주안동,2817710500
28177,학익동,2817710300
28237,갈산동,2823710600
28237,구산동,2823710900
28237,부개동,2823710700
28237,부평동,2823710100
28237,산곡동,2823710300
28237,삼산동,2823710500
28237,십정동,2823710200
28237,일신동,2823710800
28237,청천동,2823710400
28260,가정동,2826010800
28260,가좌동,2826011200
28260,검암동,2826010300
28260,경서동,2826010400
28260,공촌동,2826010500
28260,금곡동,2826011800
28260,당하동,2826011400
28260,대곡동,2826011700
28260,마전동,2826011300
28260,백석동,2826010100
28260,불로동,2826012100
28260,석남동,2826011000
28260,신현동,2826010900
28260,심곡동,2826010700
28260,연희동,2826010600
28260,오류동,2826011900
28260,왕길동,2826012000
28260,원당동,2826011500
28260,청라동,2826012200
28185,동춘동,2818510500
28185,선학동,2818510200
28185,송도동,2818510600
28185,연수동,2818510300
28185,옥련동,2818510100
28185,청학동,2818510400
28110,경동,2811013400
28110,관동3가,2811011100
28110,내동,2811013300
28110,답동,2811012500
28110,도원동,2811013200
28110,북성동1가,2811013800
28110,북성동2가,2811013900
28110,북성동3가,2811014000
28110,선화동,2811012900
28110,송월동1가,2811014200
28110,송월동2가,2811014300
28110,송학동2가,2811012000
28110,신생동,2811012300
28110,신흥동1가,2811012600
28110,신흥동2가,2811012700
28110,신흥동3가,2811012800
28110,용동,2811013500
28110,운남동,2811014600
28110,운북동,2811014800
28110,운서동,2811014700
28110,인현동,2811013600
28110,전동,2811013700
28110,중산동,2811014500
28110,항동7가,2811011800
26440,강동동,2644010300
26440,녹산동,2644011100
26440,대저1동,2644010100
26440,대저2동,2644010200
26440,동선동,2644011800
26440,명지동,2644010400
26440,신호동,2644011700
26440,지사동,2644011400
26440,화전동,2644011000
26410,구서동,2641010700
26410,금사동,2641011100
26410,남산동,2641010400
26410,부곡동,2641010900
26410,서동,2641011000
26410,장전동,2641010800
26410,청룡동,2641010300
26410,회동동,2641011200
26710,기장읍,2671025000
26710,일광읍,2671025900
26710,장안읍,2671025300
26710,정관읍,2671025600
26710,철마면,2671033000
26290,감만동,2629011100
26290,대연동,2629010600
26290,문현동,2629010900
26290,용당동,2629010800
26290,용호동,2629010700
26290,우암동,2629011000
26170,범일동,2617010400
26170,수정동,2617010200
26170,좌천동,2617010300
26170,초량동,2617010100
26260,낙민동,2626010400
26260,명륜동,2626010700
26260,명장동,2626010100
26260,복천동,2626010500
26260,사직동,2626010900
26260,수안동,2626010600
26260,안락동,2626010200
26260,온천동,2626010800
26260,칠산동,2626010300
26230,가야동,2623011000
26230,개금동,2623011100
26230,당감동,2623010900
26230,범전동,2623010500
26230,범천동,2623010400
26230,부암동,2623010800
26230,부전동,2623010300
26230,양정동,2623010100
26230,연지동,2623010600
26230,전포동,2623010200
26230,초읍동,2623010700
26320,구포동,2632010500
26320,금곡동,2632010100
26320,덕천동,2632010400
26320,만덕동,2632010300
26320,화명동,2632010200
26530,감전동,2653010500
26530,괘법동,2653010400
26530,덕포동,2653010300
26530,모라동,2653010200
26530,삼락동,2653010100
26530,엄궁동,2653010800
26530,주례동,2653010600
26530,학장동,2653010700
26380,감천동,2638010800
26380,괴정동,2638010100
26380,구평동,2638010700
26380,다대동,2638010600
26380,당리동,2638010200
26380,신평동,2638010400
26380,장림동,2638010500
26380,하단동,2638010300
26140,남부민동,2614012300
26140,동대신동1가,2614010100
26140,동대신동2가,2614010200
26140,동대신동3가,2614010300
26140,부민동1가,2614010900
26140,부민동2가,2614011000
26140,부민동3가,2614011100
26140,부용동1가,2614010700
26140,부용동2가,2614010800
26140,서대신동1가,2614010400
26140,서대신동2가,2614010500
26140,서대신동3가,2614010600
26140,아미동2가,2614011600
26140,암남동,2614012400
26140,초장동,2614011900
26140,충무동1가,2614012000
26140,충무동2가,2614012100
26140,충무동3가,2614012200
26140,토성동1가,2614011200
26140,토성동2가,2614011300
26140,토성동3가,2614011400
26140,토성동5가,2614011800
26500,광안동,2650010400
26500,남천동,2650010500
26500,망미동,2650010100
26500,민락동,2650010300
26500,수영동,2650010200
26470,거제동,2647010100
26470,연산동,2647010200
26200,남항동1가,2620010500
26200,남항동2가,2620010600
26200,남항동3가,2620010700
26200,대교동1가,2620010100
26200,대교동2가,2620010200
26200,대평동1가,2620010300
26200,동삼동,2620012100
26200,봉래동1가,2620011500
26200,봉래동2가,2620011600
26200,봉래동3가,2620011700
26200,봉래동4가,2620011800
26200,봉래동5가,2620011900
26200,신선동2가,2620011300
26200,신선동3가,2620011400
26200,영선동1가,2620010800
26200,영선동2가,2620010900
26200,영선동3가,2620011000
26200,영선동4가,2620011100
26200,청학동,2620012000
26110,남포동6가,2611014100
26110,대창동1가,2611010200
26110,대청동1가,2611011600
26110,대청동2가,2611011700
26110,대청동3가,2611011800
26110,대청동4가,2611011900
26110,동광동5가,2611011500
26110,보수동1가,2611012000
26110,보수동2가,2611012100
26110,보수동3가,2611012200
26110,부평동2가,2611012400
26110,부평동3가,2611012500
26110,부평동4가,2611012600
26110,신창동1가,2611012700
26110,신창동2가,2611012800
26110,영주동,2611010100
26110,중앙동4가,2611010700
26110,중앙동6가,2611010900
26350,반송동,2635010100
26350,반여동,2635010300
26350,송정동,2635010800
26350,우동,2635010500
26350,재송동,2635010400
26350,좌동,2635010700
26350,중동,2635010600
30230,대화동,3023010200
30230,덕암동,3023011500
30230,목상동,3023011200
30230,법동,3023010800
30230,비래동,3023011000
30230,상서동,3023011600
30230,석봉동,3023011100
30230,송촌동,3023010700
30230,신대동,3023010500
30230,신일동,3023011400
30230,신탄진동,3023012600
30230,연축동,3023010400
30230,오정동,3023010100
30230,와동,3023010600
30230,읍내동,3023010300
30230,중리동,3023010900
30230,평촌동,3023011700
30110,가양동,3011011400
30110,가오동,3011010500
30110,낭월동,3011013600
30110,대동,3011011000
30110,대성동,3011013900
30110,삼성동,3011011800
30110,성남동,3011011600
30110,신흥동,3011010600
30110,용운동,3011010900
30110,용전동,3011011500
30110,원동,3011010100
30110,인동,3011010200
30110,자양동,3011011100
30110,중동,3011012000
30110,천동,3011010400
30110,판암동,3011010700
30110,홍도동,3011011700
30110,효동,3011010300
30170,가수원동,3017011400
30170,가장동,3017010900
30170,갈마동,3017011100
30170,관저동,3017011600
30170,괴정동,3017010800
30170,내동,3017011000
30170,도마동,3017010300
30170,도안동,3017011500
30170,둔산동,3017011200
30170,만년동,3017012800
30170,변동,3017010200
30170,복수동,3017010100
30170,용문동,3017010500
30170,월평동,3017011300
30170,정림동,3017010400
30170,탄방동,3017010600
30200,가정동,3020012600
30200,계산동,3020010600
30200,관평동,3020014600
30200,교촌동,3020010200
30200,구암동,3020011200
30200,궁동,3020012200
30200,노은동,3020011900
30200,대정동,3020010300
30200,덕명동,3020011300
30200,도룡동,3020012700
30200,둔곡동,3020015200
30200,문지동,3020014000
30200,반석동,3020013900
30200,봉명동,3020011100
30200,봉산동,3020014500
30200,상대동,3020011500
30200,송강동,3020014700
30200,신성동,3020012500
30200,어은동,3020012300
30200,용산동,3020014400
30200,원내동,3020010100
30200,원신흥동,3020011400
30200,원촌동,3020014200
30200,장대동,3020011700
30200,전민동,3020014100
30200,죽동,3020012100
30200,지족동,3020012000
30200,하기동,3020013200
30140,대사동,3014011000
30140,대흥동,3014010500
30140,목동,3014010300
30140,문창동,3014010600
30140,문화동,3014011600
30140,부사동,3014011100
30140,사정동,3014011800
30140,산성동,3014011700
30140,석교동,3014010700
30140,선화동,3014010200
30140,안영동,3014011900
30140,오류동,3014011300
30140,옥계동,3014010900
30140,용두동,3014011200
30140,유천동,3014011500
30140,중촌동,3014010400
30140,태평동,3014011400
30140,호동,3014010800
27200,대명동,2720010300
27200,봉덕동,2720010200
27200,이천동,2720010100
27290,감삼동,2729011300
27290,대곡동,2729012300
27290,대천동,2729011900
27290,도원동,2729011600
27290,두류동,2729010200
27290,본동,2729012400
27290,본리동,2729011400
27290,상인동,2729011500
27290,성당동,2729010100
27290,송현동,2729012200
27290,신당동,2729010700
27290,용산동,2729011100
27290,월성동,2729012000
27290,유천동,2729011800
27290,이곡동,2729010800
27290,장기동,2729011000
27290,죽전동,2729011200
27290,진천동,2729011700
27290,파호동,2729010400
27290,호산동,2729012500
27710,가창면,2771031000
27710,구지면,2771038000
27710,논공읍,2771025300
27710,다사읍,2771025600
27710,옥포읍,2771026200
27710,유가읍,2771025900
27710,현풍읍,2771026500
27710,화원읍,2771025000
27140,각산동,2714012300
27140,검사동,2714011000
27140,괴전동,2714012600
27140,대림동,2714012800
27140,도동,2714010700
27140,동호동,2714011600
27140,방촌동,2714011100
27140,봉무동,2714010500
27140,불로동,2714010600
27140,사복동,2714012900
27140,서호동,2714011500
27140,숙천동,2714013000
27140,신기동,2714011700
27140,신서동,2714012400
27140,신암동,2714010100
27140,신천동,2714010200
27140,신평동,2714011400
27140,용계동,2714011900
27140,율암동,2714012000
27140,율하동,2714011800
27140,입석동,2714010900
27140,지묘동,2714014500
27140,지저동,2714010800
27140,효목동,2714010300
27230,검단동,2723011300
27230,고성동1가,2723010300
27230,고성동2가,2723010400
27230,고성동3가,2723010500
27230,관음동,2723012500
27230,구암동,2723012300
27230,국우동,2723012200
27230,금호동,2723012900
27230,노원동1가,2723010700
27230,노원동2가,2723010800
27230,노원동3가,2723010900
27230,대현동,2723011000
27230,동변동,2723011400
27230,동천동,2723012400
27230,매천동,2723012700
27230,복현동,2723011200
27230,사수동,2723013000
27230,산격동,2723011100
27230,서변동,2723011500
27230,연경동,2723013100
27230,읍내동,2723011800
27230,칠성동2가,2723010200
27230,침산동,2723010600
27230,태전동,2723012600
27230,팔달동,2723012800
27230,학정동,2723012000
27170,내당동,2717010100
27170,비산동,2717010200
27170,원대동1가,2717010700
27170,원대동2가,2717010800
27170,원대동3가,2717010900
27170,중리동,2717010500
27170,평리동,2717010300
27260,노변동,2726012000
27260,두산동,2726011100
27260,만촌동,2726010200
27260,매호동,2726011500
27260,범물동,2726011300
27260,범어동,2726010100
27260,사월동,2726011700
27260,상동,2726010900
27260,수성동1가,2726010300
27260,수성동2가,2726010400
27260,수성동3가,2726010500
27260,수성동4가,2726010600
27260,시지동,2726011400
27260,신매동,2726011800
27260,욱수동,2726011900
27260,중동,2726010800
27260,지산동,2726011200
27260,파동,2726011000
27260,황금동,2726010700
27110,계산동2가,2711013900
27110,교동,2711012500
27110,남산동,2711015600
27110,달성동,2711015500
27110,대봉동,2711015700
27110,대신동,2711015400
27110,도원동,2711012900
27110,동산동,2711014000
27110,동인동1가,2711010100
27110,동인동3가,2711010300
27110,동인동4가,2711010400
27110,봉산동,2711010800
27110,삼덕동2가,2711010600
27110,삼덕동3가,2711010700
27110,상서동,2711011000
27110,서성로1가,2711013400
27110,수동,2711011100
27110,수창동,2711013000
27110,시장북로,2711013500
27110,완전동,2711012800
27110,장관동,2711010900
27110,태평로1가,2711012400
27110,태평로2가,2711014900
27110,태평로3가,2711013100
27110,포정동,2711014300
27110,향촌동,2711015200
27720,군위읍,2772025000
31140,달동,3114010500
31140,두왕동,3114010300
31140,매암동,3114011900
31140,무거동,3114010100
31140,삼산동,3114010600
31140,상개동,3114011000
31140,선암동,3114010900
31140,신정동,3114010400
31140,야음동,3114010800
31140,옥동,3114010200
31170,동부동,3117010700
31170,방어동,3117010100
31170,서부동,3117010800
31170,일산동,3117010300
31170,전하동,3117010400
31170,화정동,3117010200
31200,달천동,3120010900
31200,매곡동,3120010300
31200,명촌동,3120012000
31200,산하동,3120011800
31200,상안동,3120010700
31200,송정동,3120012600
31200,신천동,3120010500
31200,양정동,3120012400
31200,연암동,3120012200
31200,염포동,3120012700
31200,정자동,3120011300
31200,중산동,3120010600
31200,진장동,3120012100
31200,천곡동,3120010800
31200,호계동,3120010200
31200,화봉동,3120012500
31200,효문동,3120012300
31710,두동면,3171036000
31710,범서읍,3171025900
31710,삼남읍,3171026500
31710,상북면,3171038000
31710,서생면,3171031000
31710,언양읍,3171025300
31710,온산읍,3171025000
31710,온양읍,3171025600
31710,웅촌면,3171034000
31710,청량읍,3171026200
31110,교동,3111010700
31110,남외동,3111011500
31110,다운동,3111011200
31110,동동,3111011300
31110,반구동,3111011800
31110,복산동,3111010300
31110,서동,3111011400
31110,성남동,3111010600
31110,성안동,3111010900
31110,약사동,3111011700
31110,옥교동,3111010500
31110,우정동,3111010800
31110,유곡동,3111011000
31110,장현동,3111011600
31110,태화동,3111011100
31110,학산동,3111010200
31110,학성동,3111010100
36110,고운동,3611011200
36110,금남면,3611034000
36110,나성동,3611010700
36110,다정동,3611010900
36110,대평동,3611010400
36110,도담동,3611011400
36110,반곡동,3611010100
36110,보람동,3611010300
36110,부강면,3611033000
36110,산울동,3611011500
36110,새롬동,3611010800
36110,소담동,3611010200
36110,소정면,3611039000
36110,아름동,3611011300
36110,어진동,3611011000
36110,연동면,3611032000
36110,연서면,3611036000
36110,장군면,3611035000
36110,전동면,3611038000
36110,전의면,3611037000
36110,조치원읍,3611025000
36110,종촌동,3611011100
36110,집현동,3611011800
36110,한솔동,3611010600
36110,해밀동,3611011600
29200,도산동,2920010200
29200,도천동,2920011300
29200,비아동,2920011200
29200,산월동,2920011700
29200,산정동,2920012700
29200,선암동,2920010700
29200,소촌동,2920010800
29200,송정동,2920010100
29200,수완동,2920011400
29200,신가동,2920011900
29200,신창동,2920011800
29200,신촌동,2920010400
29200,쌍암동,2920011600
29200,옥동,2920014500
29200,우산동,2920010900
29200,운남동,2920012000
29200,운수동,2920010600
29200,월계동,2920011500
29200,월곡동,2920012800
29200,장덕동,2920012300
29200,하남동,2920012500
29200,흑석동,2920012400
29155,노대동,2915510700
29155,방림동,2915511400
29155,백운동,2915510500
29155,봉선동,2915511500
29155,사동,2915510100
29155,서동,2915510300
29155,송하동,2915511200
29155,압촌동,2915512100
29155,양림동,2915511300
29155,월산동,2915510400
29155,임암동,2915511100
29155,주월동,2915510600
29155,지석동,2915512000
29155,진월동,2915510800
29155,행암동,2915511000
29110,계림동,2911010900
29110,금남로2가,2911013200
29110,금남로3가,2911013300
29110,금남로5가,2911010200
29110,내남동,2911012500
29110,대인동,2911010100
29110,산수동,2911011000
29110,서석동,2911011800
29110,선교동,2911012400
29110,소태동,2911011900
29110,수기동,2911010400
29110,용산동,2911012600
29110,운림동,2911012100
29110,월남동,2911012300
29110,지산동,2911011100
29110,충장로4가,2911013000
29110,충장로5가,2911010300
29110,학동,2911012200
29170,각화동,2917011300
29170,동림동,2917010800
29170,두암동,2917011400
29170,매곡동,2917011700
29170,문흥동,2917011200
29170,본촌동,2917012600
29170,북동,2917010400
29170,삼각동,2917011600
29170,신안동,2917010600
29170,신용동,2917013000
29170,양산동,2917012800
29170,연제동,2917012900
29170,오치동,2917011500
29170,용두동,2917013100
29170,용봉동,2917010700
29170,우산동,2917011000
29170,운암동,2917010900
29170,유동,2917010200
29170,일곡동,2917012700
29170,임동,2917010500
29170,중흥동,2917010100
29170,풍향동,2917011100
29140,광천동,2914011500
29140,금호동,2914013000
29140,내방동,2914012100
29140,농성동,2914010600
29140,동천동,2914013300
29140,마륵동,2914013100
29140,매월동,2914013200
29140,서창동,2914012500
29140,쌍촌동,2914011800
29140,양동,2914010400
29140,유촌동,2914011600
29140,치평동,2914012000
29140,풍암동,2914012800
29140,화정동,2914011900
51150,강동면,5115034000
51150,견소동,5115011500
51150,교동,5115011000
51150,금학동,5115010600
51150,남문동,5115010200
51150,내곡동,5115011600
51150,노암동,5115012100
51150,사천면,5115036000
51150,성남동,5115010800
51150,송정동,5115011400
51150,연곡면,5115037000
51150,옥계면,5115035000
51150,옥천동,5115010900
51150,용강동,5115010700
51150,유천동,5115013100
51150,임당동,5115010500
51150,입암동,5115012500
51150,저동,5115013700
51150,주문진읍,5115025000
51150,지변동,5115013200
51150,초당동,5115011200
51150,포남동,5115011100
51150,홍제동,5115010100
51150,회산동,5115011700
51820,간성읍,5182025000
51820,거진읍,5182025300
51820,토성면,5182033000
51170,구미동,5117011300
51170,단봉동,5117011600
51170,대진동,5117012800
51170,동회동,5117010700
51170,묵호진동,5117012300
51170,발한동,5117011100
51170,부곡동,5117011000
51170,북평동,5117011200
51170,송정동,5117010300
51170,쇄운동,5117010900
51170,용정동,5117010400
51170,이도동,5117011800
51170,이로동,5117012600
51170,천곡동,5117010100
51170,평릉동,5117010200
51170,효가동,5117010600
51230,갈천동,5123010700
51230,건지동,5123011700
51230,교동,5123010600
51230,근덕면,5123031000
51230,남양동,5123012000
51230,당저동,5123010500
51230,도계읍,5123025000
51230,마달동,5123011000
51230,사직동,5123012100
51230,성북동,5123010200
51230,원당동,5123011800
51230,원덕읍,5123025300
51230,정상동,5123012500
51230,정하동,5123012600
51210,교동,5121010600
51210,금호동,5121010400
51210,노학동,5121010700
51210,대포동,5121011000
51210,동명동,5121010200
51210,설악동,5121011200
51210,영랑동,5121010100
51210,장사동,5121011300
51210,조양동,5121010800
51210,중앙동,5121010300
51210,청학동,5121010500
51210,청호동,5121010900
51800,양구읍,5180025000
51830,강현면,5183035000
51830,손양면,5183032000
51830,양양읍,5183025000
51830,현남면,5183034000
51830,현북면,5183033000
51750,영월읍,5175025000
51750,주천면,5175036000
51130,개운동,5113010500
51130,관설동,5113011600
51130,단계동,5113011000
51130,단구동,5113010700
51130,명륜동,5113010600
51130,무실동,5113011500
51130,문막읍,5113025000
51130,반곡동,5113011700
51130,봉산동,5113011300
51130,소초면,5113031000
51130,우산동,5113011100
51130,원동,5113010300
51130,일산동,5113010800
51130,중앙동,5113010100
51130,지정면,5113033000
51130,태장동,5113011200
51130,판부면,5113038000
51130,학성동,5113010900
51130,행구동,5113011400
51130,호저면,5113032000
51130,흥업면,5113037000
51810,기린면,5181033000
51810,남면,5181031000
51810,북면,5181032000
51810,서화면,5181034000
51810,인제읍,5181025000
51770,고한읍,5177025300
51770,남면,5177032000
51770,사북읍,5177025600
51770,신동읍,5177025900
51770,임계면,5177035000
51770,정선읍,5177025000
51780,갈말읍,5178025600
51780,동송읍,5178025900
51780,서면,5178031000
51780,철원읍,5178025000
51110,근화동,5111011700
51110,남산면,5111040000
51110,동내면,5111039000
51110,동면,5111031000
51110,사농동,5111011900
51110,삼천동,5111012500
51110,석사동,5111012400
51110,소양로2가,5111011400
51110,신북읍,5111025000
51110,약사동,5111011100
51110,온의동,5111012100
51110,요선동,5111010200
51110,우두동,5111011800
51110,운교동,5111011000
51110,조양동,5111010800
51110,죽림동,5111010900
51110,칠전동,5111012600
51110,퇴계동,5111012300
51110,효자동,5111011200
51110,후평동,5111012000
51190,동점동,5119010600
51190,문곡동,5119010500
51190,소도동,5119010700
51190,장성동,5119010200
51190,철암동,5119010400
51190,통동,5119011200
51190,화전동,5119010900
51190,황지동,5119010100
51760,대관령면,5176038000
51760,대화면,5176033000
51760,미탄면,5176031000
51760,봉평면,5176034000
51760,진부면,5176036000
51760,평창읍,5176025000
51720,남면,5172036000
51720,내면,5172039000
51720,홍천읍,5172025000
51790,하남면,5179032000
51790,화천읍,5179025000
51730,둔내면,5173033000
51730,우천면,5173031000
51730,횡성읍,5173025000
43760,괴산읍,4376025000
43760,불정면,4376041000
43800,단양읍,4380025000
43800,매포읍,4380025300
43720,마로면,4372033000
43720,보은읍,4372025000
43740,심천면,4374040000
43740,영동읍,4374025000
43740,용산면,4374031000
43730,옥천읍,4373025000
43730,이원면,4373036000
43770,감곡면,4377037000
43770,금왕읍,4377025300
43770,대소면,4377034000
43770,맹동면,4377033000
43770,삼성면,4377035000
43770,생극면,4377036000
43770,음성읍,4377025000
43150,강제동,4315012100
43150,고암동,4315011500
43150,교동,4315010500
43150,동현동,4315010300
43150,명동,4315010800
43150,모산동,4315011400
43150,봉양읍,4315025000
43150,신백동,4315012000
43150,신월동,4315011200
43150,영천동,4315011000
43150,왕암동,4315012400
43150,의림동,4315010100
43150,장락동,4315011600
43150,천남동,4315012500
43150,청전동,4315011300
43150,하소동,4315011100
43150,화산동,4315010900
43745,도안면,4374531000
43745,증평읍,4374525000
43750,광혜원면,4375037000
43750,덕산읍,4375025300
43750,문백면,4375033000
43750,백곡면,4375034000
43750,이월면,4375035000
43750,진천읍,4375025000
43111,금천동,4311112000
43111,남문로1가,4311110500
43111,남일면,4311134000
43111,남주동,4311111000
43111,대성동,4311111800
43111,문화동,4311110700
43111,미원면,4311132000
43111,방서동,4311112600
43111,북문로2가,4311110300
43111,북문로3가,4311110400
43111,서운동,4311110800
43111,석교동,4311111100
43111,수동,4311111200
43111,영동,4311110100
43111,영운동,4311111900
43111,용담동,4311112100
43111,용암동,4311112400
43111,용정동,4311112500
43111,지북동,4311112800
43111,탑동,4311111700
43112,개신동,4311210900
43112,남이면,4311231000
43112,모충동,4311210300
43112,분평동,4311210600
43112,사직동,4311210100
43112,사창동,4311210200
43112,산남동,4311210400
43112,성화동,4311210800
43112,수곡동,4311210700
43112,장성동,4311211100
43112,죽림동,4311211000
43114,내덕동,4311410200
43114,내수읍,4311425000
43114,사천동,4311410400
43114,오창읍,4311425300
43114,우암동,4311410100
43114,율량동,4311410300
43114,주성동,4311410500
43114,주중동,4311410600
43113,가경동,4311311300
43113,강내면,4311331000
43113,강서동,4311311700
43113,문암동,4311313300
43113,복대동,4311311400
43113,봉명동,4311311500
43113,비하동,4311313800
43113,송절동,4311313400
43113,신봉동,4311310500
43113,오송읍,4311325000
43113,옥산면,4311332000
43113,운천동,4311310400
43130,교현동,4313010500
43130,금가면,4313039000
43130,금릉동,4313012800
43130,대소원면,4313033500
43130,목행동,4313011900
43130,문화동,4313012700
43130,봉방동,4313011500
43130,성남동,4313010200
43130,성서동,4313010300
43130,안림동,4313012200
43130,앙성면,4313037000
43130,연수동,4313011800
43130,용관동,4313011200
43130,용산동,4313010600
43130,주덕읍,4313025000
43130,중앙탑면,4313038500
43130,지현동,4313012500
43130,충의동,4313012400
43130,칠금동,4313011600
43130,풍동,4313011000
43130,호암동,4313010700
44250,금암동,4425010100
44250,두마면,4425031000
44250,엄사면,4425031500
44150,교동,4415010600
44150,금성동,4415010800
44150,금학동,4415011000
44150,금흥동,4415012100
44150,산성동,4415010500
44150,소학동,4415011600
44150,신관동,4415012000
44150,옥룡동,4415010900
44150,웅진동,4415010700
44150,월송동,4415011900
44150,유구읍,4415025000
44150,의당면,4415036000
44150,탄천면,4415032000
44710,금산읍,4471025000
44710,추부면,4471039000
44230,강경읍,4423025000
44230,강산동,4423011000
44230,내동,4423010900
44230,대교동,4423010300
44230,반월동,4423010200
44230,부창동,4423010400
44230,연무읍,4423025300
44230,연산면,4423036000
44230,취암동,4423010500
44230,화지동,4423010100
44270,고대면,4427031000
44270,대덕동,4427010700
44270,석문면,4427032000
44270,송산면,4427039000
44270,송악읍,4427025300
44270,수청동,4427010600
44270,순성면,4427036000
44270,시곡동,4427010500
44270,신평면,4427038000
44270,우강면,4427037000
44270,원당동,4427010400
44270,읍내동,4427010100
44270,채운동,4427010200
44270,합덕읍,4427025000
44180,궁촌동,4418010600
44180,내항동,4418010700
44180,대천동,4418010100
44180,동대동,4418010400
44180,명천동,4418010500
44180,성주면,4418040000
44180,신흑동,4418011000
44180,웅천읍,4418025000
44180,죽정동,4418010200
44180,청소면,4418034000
44760,규암면,4476031000
44760,부여읍,4476025000
44760,홍산면,4476036000
44210,갈산동,4421010300
44210,대산읍,4421025000
44210,동문동,4421010200
44210,석남동,4421010800
44210,석림동,4421010700
44210,성연면,4421036000
44210,수석동,4421010600
44210,예천동,4421010900
44210,오남동,4421011200
44210,운산면,4421038000
44210,음암면,4421037000
44210,읍내동,4421010100
44210,인지면,4421031000
44210,장동,4421011300
44210,죽성동,4421011000
44210,지곡면,4421034000
44210,해미면,4421039000
44770,마서면,4477031000
44770,서천읍,4477025300
44770,장항읍,4477025000
44200,권곡동,4420011400
44200,둔포면,4420036000
44200,득산동,4420011600
44200,모종동,4420011300
44200,방축동,4420010300
44200,배미동,4420011500
44200,배방읍,4420025300
44200,법곡동,4420010700
44200,신인동,4420010600
44200,신창면,4420041000
44200,실옥동,4420010200
44200,염치읍,4420025000
44200,온천동,4420010100
44200,용화동,4420011200
44200,음봉면,4420035000
44200,인주면,4420038000
44200,장존동,4420010800
44200,좌부동,4420010900
44200,탕정면,4420033000
44200,풍기동,4420011100
44810,고덕면,4481038000
44810,덕산면,4481036000
44810,봉산면,4481037000
44810,삽교읍,4481025300
44810,신암면,4481039000
44810,신양면,4481032000
44810,예산읍,4481025000
44810,오가면,4481040000
44810,응봉면,4481035000
44131,구성동,4413110800
44131,다가동,4413111400
44131,대흥동,4413110100
44131,목천읍,4413125000
44131,문화동,4413110300
44131,병천면,4413136000
44131,봉명동,4413111300
44131,북면,4413133000
44131,사직동,4413110400
44131,삼룡동,4413111000
44131,성황동,4413110200
44131,신방동,4413111600
44131,신부동,4413111800
44131,쌍용동,4413111700
44131,안서동,4413111900
44131,영성동,4413110500
44131,오룡동,4413110600
44131,용곡동,4413111500
44131,원성동,4413110700
44131,유량동,4413111200
44131,청당동,4413111100
44131,청수동,4413110900
44131,풍세면,4413131000
44133,두정동,4413310400
44133,백석동,4413310300
44133,부대동,4413311100
44133,불당동,4413310800
44133,성거읍,4413325300
44133,성성동,4413310500
44133,성정동,4413310200
44133,성환읍,4413325000
44133,신당동,4413311000
44133,쌍용동,4413310700
44133,와촌동,4413310100
44133,입장면,4413331000
44133,직산읍,4413325600
44133,차암동,4413310600
44790,정산면,4479033000
44790,청양읍,4479025000
44825,근흥면,4482533000
44825,안면읍,4482525300
44825,원북면,4482535000
44825,태안읍,4482525000
44800,광천읍,4480025300
44800,구항면,4480039000
44800,금마면,4480032000
44800,홍북읍,4480025600
44800,홍성읍,4480025000
47290,계양동,4729011600
47290,대평동,4729011200
47290,백천동,4729010600
47290,사동,4729012600
47290,사정동,4729010800
47290,삼남동,4729010100
47290,삼북동,4729010200
47290,삼풍동,4729012700
47290,상방동,4729010500
47290,서상동,4729010300
47290,신교동,4729010400
47290,압량읍,4729025600
47290,옥곡동,4729010700
47290,옥산동,4729010900
47290,와촌면,4729031000
47290,임당동,4729011400
47290,자인면,4729033000
47290,정평동,4729011100
47290,조영동,4729011800
47290,중방동,4729011700
47290,중산동,4729011000
47290,진량읍,4729025300
47290,평산동,4729012500
47290,하양읍,4729025000
47130,감포읍,4713025000
47130,강동면,4713037000
47130,건천읍,4713025600
47130,구정동,4713013100
47130,노서동,4713010700
47130,도지동,4713011900
47130,동방동,4713011800
47130,동부동,4713010100
47130,동천동,4713012600
47130,마동,4713013200
47130,서부동,4713010200
47130,성건동,4713010800
47130,성동동,4713010400
47130,시래동,4713013000
47130,안강읍,4713025300
47130,양남면,4713032000
47130,외동읍,4713025900
47130,용강동,4713012500
47130,진현동,4713013400
47130,천북면,4713038000
47130,충효동,4713011400
47130,현곡면,4713036000
47130,황성동,4713012400
47130,황오동,4713010500
47830,다산면,4783034000
47830,대가야읍,4783025300
47190,거의동,4719012700
47190,고아읍,4719025300
47190,공단동,4719011300
47190,광평동,4719011400
47190,구평동,4719012000
47190,구포동,4719012900
47190,남통동,4719010800
47190,도량동,4719010300
47190,봉곡동,4719010400
47190,비산동,4719011200
47190,사곡동,4719011500
47190,산동읍,4719025600
47190,상모동,4719011600
47190,선산읍,4719025000
47190,송정동,4719011000
47190,신평동,4719011100
47190,오태동,4719011800
47190,옥계동,4719012800
47190,원평동,4719010100
47190,인의동,4719012200
47190,임수동,4719012500
47190,임은동,4719011700
47190,장천면,4719036000
47190,지산동,4719010200
47190,진평동,4719012300
47190,해평면,4719034000
47190,형곡동,4719010900
47190,황상동,4719012100
47150,교동,4715010900
47150,남산동,4715010600
47150,다수동,4715011200
47150,대광동,4715011700
47150,대항면,4715038000
47150,덕곡동,4715011600
47150,모암동,4715010300
47150,백옥동,4715011300
47150,부곡동,4715011400
47150,삼락동,4715011000
47150,성내동,4715010400
47150,신음동,4715010800
47150,아포읍,4715025000
47150,어모면,4715036000
47150,용두동,4715010200
47150,율곡동,4715012000
47150,응명동,4715011800
47150,지좌동,4715011500
47150,평화동,4715010500
47150,황금동,4715010700
47280,공평동,4728010900
47280,모전동,4728011000
47280,문경읍,4728025000
47280,신기동,4728010600
47280,윤직동,4728011100
47280,점촌동,4728010100
47280,흥덕동,4728010300
47920,봉화읍,4792025000
47920,춘양면,4792034000
47250,계산동,4725013000
47250,낙양동,4725011000
47250,남성동,4725010700
47250,냉림동,4725010500
47250,무양동,4725010900
47250,복룡동,4725010400
47250,서문동,4725010800
47250,서성동,4725010600
47250,성동동,4725010200
47250,신봉동,4725011200
47250,외답동,4725012200
47250,인봉동,4725010300
47250,함창읍,4725025000
47250,화산동,4725012900
47840,성주읍,4784025000
47840,초전면,4784038000
47170,금곡동,4717012600
47170,남선면,4717037000
47170,노하동,4717013500
47170,당북동,4717012100
47170,동부동,4717011200
47170,법상동,4717012500
47170,법흥동,4717010900
47170,서후면,4717033000
47170,송천동,4717013700
47170,송현동,4717013600
47170,수상동,4717014100
47170,신안동,4717010500
47170,안기동,4717012800
47170,안막동,4717013200
47170,옥동,4717013300
47170,용상동,4717011000
47170,운안동,4717012900
47170,정하동,4717014000
47170,태화동,4717012200
47170,평화동,4717012700
47170,풍산읍,4717025000
47770,강구면,4777031000
47770,영덕읍,4777025000
47770,영해면,4777036000
47770,축산면,4777035000
47760,영양읍,4776025000
47210,가흥동,4721010500
47210,상망동,4721010200
47210,영주동,4721010100
47210,풍기읍,4721025000
47210,하망동,4721010300
47210,휴천동,4721010400
47230,고경면,4723038000
47230,교촌동,4723010700
47230,금호읍,4723025000
47230,망정동,4723010200
47230,문내동,4723010400
47230,문외동,4723010500
47230,봉동,4723011600
47230,북안면,4723039000
47230,성내동,4723010900
47230,신녕면,4723032000
47230,야사동,4723010300
47230,언하동,4723012800
47230,오수동,4723012400
47230,완산동,4723011300
47230,화룡동,4723011000
47900,예천읍,4790025000
47900,풍양면,4790041000
47900,호명읍,4790025300
47930,근남면,4793033000
47930,북면,4793031000
47930,울진읍,4793025000
47930,죽변면,4793037000
47930,후포면,4793038000
47730,봉양면,4773038000
47730,의성읍,4773025000
47820,이서면,4782034000
47820,청도읍,4782025300
47820,화양읍,4782025000
47750,진보면,4775037000
47750,청송읍,4775025000
47850,기산면,4785037000
47850,동명면,4785032000
47850,북삼읍,4785025300
47850,석적읍,4785025600
47850,약목면,4785036000
47850,왜관읍,4785025000
47111,구룡포읍,4711125000
47111,대도동,4711110200
47111,대잠동,4711111600
47111,동해면,4711132000
47111,상도동,4711110100
47111,송도동,4711110400
47111,연일읍,4711125300
47111,오천읍,4711125600
47111,이동,4711111700
47111,인덕동,4711111200
47111,일월동,4711110600
47111,지곡동,4711111500
47111,청림동,4711110500
47111,해도동,4711110300
47111,효자동,4711111400
47113,대신동,4711310900
47113,덕수동,4711310800
47113,동빈1가,4711311000
47113,두호동,4711312000
47113,득량동,4711311400
47113,상원동,4711310400
47113,양덕동,4711312200
47113,여천동,4711310500
47113,용흥동,4711311700
47113,우현동,4711311800
47113,장성동,4711312100
47113,죽도동,4711311600
47113,창포동,4711311900
47113,청하면,4711332000
47113,학산동,4711311200
47113,학잠동,4711311500
47113,항구동,4711311300
47113,환호동,4711312300
47113,흥해읍,4711325000
48310,거제면,4831034000
48310,고현동,4831010900
48310,능포동,4831010100
48310,덕포동,4831010700
48310,둔덕면,4831035000
48310,문동동,4831011100
48310,사등면,4831036000
48310,상동동,4831011000
48310,수월동,4831011400
48310,아주동,4831010500
48310,양정동,4831011300
48310,연초면,4831037000
48310,옥포동,4831010600
48310,일운면,4831031000
48310,장목면,4831039000
48310,장승포동,4831010200
48310,장평동,4831010800
48880,거창읍,4888025000
48820,거류면,4882043000
48820,고성읍,4882025000
48250,관동동,4825013000
48250,구산동,4825010600
48250,내덕동,4825012400
48250,내동,4825010800
48250,대성동,4825010500
48250,대청동,4825012900
48250,동상동,4825010100
48250,무계동,4825012600
48250,봉황동,4825010400
48250,부곡동,4825012500
48250,부원동,4825010300
48250,불암동,4825012200
48250,삼계동,4825010700
48250,삼문동,4825012800
48250,삼방동,4825011900
48250,삼정동,4825011700
48250,생림면,4825035000
48250,서상동,4825010200
48250,신문동,4825012700
48250,안동,4825012000
48250,어방동,4825011800
48250,외동,4825010900
48250,율하동,4825013100
48250,장유동,4825013200
48250,전하동,4825011500
48250,주촌면,4825032000
48250,지내동,4825012100
48250,진례면,4825033000
48250,진영읍,4825025000
48250,풍유동,4825011100
48250,한림면,4825034000
48250,화목동,4825011400
48250,흥동,4825011000
48840,고현면,4884037000
48840,남면,4884035000
48840,남해읍,4884025000
48840,삼동면,4884033000
48840,이동면,4884031000
48270,가곡동,4827010800
48270,교동,4827010300
48270,내이동,4827010200
48270,내일동,4827010100
48270,무안면,4827038000
48270,부북면,4827031000
48270,삼랑진읍,4827025000
48270,삼문동,4827010400
48270,상남면,4827036000
48270,하남읍,4827025300
48240,곤양면,4824035000
48240,대방동,4824011700
48240,동금동,4824010400
48240,동동,4824010100
48240,동림동,4824010600
48240,벌리동,4824010800
48240,사남면,4824032000
48240,사천읍,4824025000
48240,서동,4824010200
48240,서포면,4824037000
48240,선구동,4824010300
48240,송포동,4824012600
48240,용강동,4824010900
48240,용현면,4824033000
48240,정동면,4824031000
48240,죽림동,4824012700
48240,향촌동,4824011600
48860,금서면,4886034000
48860,단성면,4886037000
48860,산청읍,4886025000
48860,신안면,4886038000
48330,교동,4833011000
48330,남부동,4833010200
48330,다방동,4833010100
48330,덕계동,4833012000
48330,동면,4833031000
48330,명동,4833011500
48330,물금읍,4833025300
48330,북부동,4833010400
48330,북정동,4833010700
48330,삼호동,4833011400
48330,상북면,4833033000
48330,소주동,4833011700
48330,신기동,4833010600
48330,어곡동,4833011200
48330,주남동,4833011600
48330,주진동,4833011800
48330,중부동,4833010300
48330,평산동,4833011900
48330,하북면,4833034000
48720,부림면,4872039000
48720,의령읍,4872025000
48170,가좌동,4817013100
48170,강남동,4817010300
48170,금산면,4817041000
48170,내동면,4817031000
48170,대곡면,4817040000
48170,망경동,4817010100
48170,명석면,4817044000
48170,문산읍,4817025000
48170,봉곡동,4817011300
48170,봉래동,4817011500
48170,상대동,4817011900
48170,상봉동,4817011400
48170,상평동,4817012100
48170,신안동,4817012500
48170,옥봉동,4817011800
48170,유곡동,4817012800
48170,이현동,4817012700
48170,인사동,4817010800
48170,일반성면,4817036000
48170,정촌면,4817032000
48170,주약동,4817010200
48170,집현면,4817042000
48170,초전동,4817012200
48170,충무공동,4817013700
48170,칠암동,4817010400
48170,판문동,4817012900
48170,평거동,4817012600
48170,평안동,4817011000
48170,하대동,4817012000
48170,호탄동,4817013200
48740,남지읍,4874025300
48740,대지면,4874036000
48740,도천면,4874040000
48740,영산면,4874038000
48740,창녕읍,4874025000
48125,가포동,4812510100
48125,교방동,4812510200
48125,교원동,4812510300
48125,구산면,4812531000
48125,남성동,4812510400
48125,대내동,4812510500
48125,대외동,4812510800
48125,대창동,4812510900
48125,동성동,4812511100
48125,두월동2가,4812511300
48125,문화동,4812511500
48125,부림동,4812511700
48125,산호동,4812511800
48125,상남동,4812511900
48125,서성동,4812512000
48125,수성동,4812512200
48125,신창동,4812512400
48125,신포동1가,4812512500
48125,신포동2가,4812512600
48125,신흥동,4812512700
48125,오동동,4812513700
48125,완월동,4812512800
48125,월남동3가,4812513100
48125,월남동5가,4812513300
48125,월영동,4812513400
48125,월포동,4812513500
48125,유록동,4812513900
48125,자산동,4812514000
48125,장군동5가,4812514500
48125,중성동,4812514600
48125,중앙동2가,4812514800
48125,중앙동3가,4812514900
48125,진동면,4812532000
48125,진북면,4812533000
48125,창포동1가,4812515100
48125,창포동2가,4812515200
48125,창포동3가,4812515300
48125,추산동,4812515500
48125,해운동,4812515800
48125,현동,4812515900
48125,홍문동,4812516000
48127,구암동,4812710100
48127,내서읍,4812725000
48127,봉암동,4812710300
48127,석전동,4812710400
48127,양덕동,4812710500
48127,합성동,4812710600
48127,회성동,4812710700
48127,회원동,4812710800
48123,가음동,4812313100
48123,가음정동,4812310300
48123,남산동,4812310600
48123,남양동,4812313300
48123,내동,4812311100
48123,대방동,4812310500
48123,대원동,4812313700
48123,반림동,4812312600
48123,반지동,4812312400
48123,사파동,4812313000
48123,사파정동,4812310200
48123,상남동,4812312700
48123,성주동,4812312800
48123,신월동,4812313600
48123,신촌동,4812312300
48123,안민동,4812311000
48123,외동,4812310400
48123,용호동,4812313500
48123,천선동,4812310800
48121,대산면,4812132000
48121,도계동,4812110500
48121,동읍,4812125000
48121,동정동,4812110600
48121,명곡동,4812111800
48121,명서동,4812112400
48121,봉곡동,4812112700
48121,봉림동,4812111600
48121,북동,4812110100
48121,북면,4812131000
48121,서상동,4812110300
48121,소계동,4812110700
48121,소답동,4812110400
48121,중동,4812110200
48121,팔용동,4812112900
48129,경화동,4812913900
48129,광화동,4812912400
48129,근화동,4812912900
48129,남문동,4812915000
48129,남양동,4812915700
48129,대죽동,4812911700
48129,덕산동,4812914300
48129,두동,4812916100
48129,마천동,4812915800
48129,부흥동,4812912700
48129,북부동,4812914700
48129,석동,4812914000
48129,속천동,4812911600
48129,숭인동,4812911100
48129,안골동,4812916300
48129,여좌동,4812913700
48129,용원동,4812916400
48129,이동,4812914100
48129,인의동,4812911000
48129,자은동,4812914200
48129,장천동,4812914500
48129,제황산동,4812911500
48129,중평동,4812912800
48129,창선동,4812912200
48129,청안동,4812916200
48129,충무동,4812913500
48129,충의동,4812910800
48129,태백동,4812913800
48129,태평동,4812910700
48129,풍호동,4812914400
48129,화천동,4812913100
48220,광도면,4822034000
48220,도남동,4822011700
48220,도천동,4822010100
48220,동호동,4822010800
48220,명정동,4822010300
48220,무전동,4822011100
48220,미수동,4822011500
48220,봉평동,4822011600
48220,북신동,4822011000
48220,용남면,4822031000
48220,인평동,4822011300
48220,정량동,4822010900
48220,태평동,4822010700
48850,금남면,4885036000
48850,금성면,4885042000
48850,옥종면,4885041000
48850,진교면,4885037000
48850,하동읍,4885025000
48850,화개면,4885031000
48730,가야읍,4873025000
48730,군북면,4873032000
48730,법수면,4873033000
48730,칠서면,4873035000
48730,칠원읍,4873025300
48870,안의면,4887036000
48870,함양읍,4887025000
48890,가야면,4889033000
48890,초계면,4889036000
48890,합천읍,4889025000
52790,고창읍,5279025000
52790,대산면,5279038000
52130,경암동,5213013600
52130,경장동,5213013500
52130,구암동,5213013700
52130,금광동,5213010700
52130,금동,5213010300
52130,나운동,5213014400
52130,내흥동,5213013800
52130,대명동,5213012700
52130,대야면,5213035000
52130,동흥남동,5213013200
52130,문화동,5213011000
52130,미룡동,5213014500
52130,미장동,5213014200
52130,사정동,5213014000
52130,산북동,5213015100
52130,삼학동,5213011100
52130,서흥남동,5213013300
52130,성산면,5213037000
52130,소룡동,5213014600
52130,송풍동,5213010900
52130,수송동,5213014100
52130,신풍동,5213010800
52130,오식도동,5213014700
52130,옥산면,5213031000
52130,옥서면,5213040000
52130,월명동,5213010400
52130,임피면,5213033000
52130,장재동,5213012800
52130,조촌동,5213013400
52130,지곡동,5213014300
52210,검산동,5221010400
52210,금구면,5221042000
52210,금산면,5221045000
52210,만경읍,5221025000
52210,백산면,5221033000
52210,서암동,5221010700
52210,신풍동,5221010200
52210,옥산동,5221011000
52210,요촌동,5221010100
52210,하동,5221011200
52190,고죽동,5219011800
52190,금동,5219010600
52190,내척동,5219011400
52190,노암동,5219012100
52190,도통동,5219011600
52190,동충동,5219010100
52190,신정동,5219010900
52190,왕정동,5219010800
52190,운봉읍,5219025000
52190,월락동,5219011700
52190,인월면,5219047000
52190,조산동,5219010700
52190,죽항동,5219010300
52190,하정동,5219010200
52190,향교동,5219011100
52730,무주읍,5273025000
52730,안성면,5273034000
52800,변산면,5280036000
52800,부안읍,5280025000
52800,줄포면,5280041000
52800,진서면,5280037000
52770,순창읍,5277025000
52710,고산면,5271036000
52710,봉동읍,5271025300
52710,삼례읍,5271025000
52710,상관면,5271032000
52710,용진읍,5271025600
52710,이서면,5271033000
52140,금강동,5214012500
52140,금마면,5214040000
52140,남중동,5214011300
52140,낭산면,5214037000
52140,동산동,5214011100
52140,마동,5214011200
52140,모현동1가,5214011400
52140,모현동2가,5214011500
52140,목천동,5214011700
52140,부송동,5214013400
52140,송학동,5214011600
52140,신동,5214012100
52140,어양동,5214012300
52140,영등동,5214012200
52140,왕궁면,5214041000
52140,인화동1가,5214010900
52140,인화동2가,5214011000
52140,주현동,5214010800
52140,창인동1가,5214010100
52140,창인동2가,5214010200
52140,춘포면,5214042000
52140,팔봉동,5214012700
52140,평화동,5214010600
52140,함열읍,5214025000
52140,황등면,5214032000
52750,관촌면,5275038000
52750,오수면,5275035500
52750,운암면,5275032000
52750,임실읍,5275025000
52740,장계면,5274033500
52740,장수읍,5274025000
52113,고랑동,5211312900
52113,금암동,5211310700
52113,덕진동1가,5211310500
52113,덕진동2가,5211310600
52113,만성동,5211313100
52113,반월동,5211312300
52113,송천동1가,5211312100
52113,송천동2가,5211312200
52113,여의동,5211313000
52113,여의동2가,5211313900
52113,우아동1가,5211311300
52113,우아동2가,5211311400
52113,우아동3가,5211311500
52113,인후동1가,5211310300
52113,인후동2가,5211310400
52113,장동,5211313200
52113,중동,5211313800
52113,진북동,5211310200
52113,팔복동1가,5211310800
52113,팔복동2가,5211310900
52113,호성동1가,5211311600
52113,호성동2가,5211311700
52111,교동,5211111800
52111,남노송동,5211112100
52111,다가동1가,5211111300
52111,대성동,5211114300
52111,동서학동,5211112500
52111,삼천동1가,5211113700
52111,삼천동2가,5211113800
52111,서노송동,5211114700
52111,서서학동,5211112600
52111,서신동,5211112900
52111,서완산동2가,5211112400
52111,전동3가,5211111200
52111,중노송동,5211112000
52111,중인동,5211113500
52111,중화산동1가,5211112700
52111,중화산동2가,5211112800
52111,태평동,5211111900
52111,평화동1가,5211113200
52111,평화동2가,5211113300
52111,효자동1가,5211114000
52111,효자동2가,5211114100
52111,효자동3가,5211114200
52180,공평동,5218012500
52180,구룡동,5218012200
52180,금붕동,5218011200
52180,농소동,5218010600
52180,북면,5218031000
52180,상동,5218010300
52180,상평동,5218010800
52180,송산동,5218011300
52180,수성동,5218010100
52180,시기동,5218010400
52180,신태인읍,5218025000
52180,연지동,5218010500
52180,장명동,5218010200
52180,태인면,5218039000
52720,진안읍,5272025000
46810,강진읍,4681025000
46810,군동면,4681031000
46810,마량면,4681040000
46810,성전면,4681036000
46770,고흥읍,4677025000
46770,도양읍,4677025300
46770,도화면,4677034000
46720,곡성읍,4672025000
46720,석곡면,4672033000
46720,옥과면,4672037000
46230,광양읍,4623025000
46230,광영동,4623010800
46230,금호동,4623011000
46230,마동,4623010700
46230,성황동,4623010400
46230,옥곡면,4623033000
46230,중동,4623010600
46230,태인동,4623010900
46230,황금동,4623010100
46730,구례읍,4673025000
46730,마산면,4673034000
46730,산동면,4673037000
46170,금계동,4617011000
46170,금천면,4617039000
46170,남내동,4617011200
46170,남평읍,4617025000
46170,다시면,4617036000
46170,대호동,4617011600
46170,빛가람동,4617013400
46170,삼영동,4617010400
46170,성북동,4617011400
46170,송월동,4617010200
46170,용산동,4617012400
46170,이창동,4617012800
46170,죽림동,4617012100
46710,고서면,4671032000
46710,금성면,4671037000
46710,담양읍,4671025000
46710,대전면,4671041000
46710,수북면,4671040000
46110,광동2가,4611012000
46110,남교동,4611010700
46110,달동,4611016100
46110,대성동,4611010400
46110,대안동,4611010900
46110,대양동,4611016300
46110,대의동2가,4611013400
46110,동명동,4611011800
46110,산정동,4611010200
46110,상동,4611015800
46110,서산동,4611015400
46110,석현동,4611016000
46110,양동,4611010500
46110,연산동,4611010300
46110,옥암동,4611016400
46110,용당동,4611010100
46110,용해동,4611015900
46110,죽교동,4611015700
46110,항동,4611014600
46110,해안동4가,4611014500
46840,무안읍,4684025000
46840,삼향읍,4684025600
46840,일로읍,4684025300
46840,청계면,4684033000
46840,해제면,4684036000
46780,벌교읍,4678025300
46780,보성읍,4678025000
46780,회천면,4678039000
46150,가곡동,4615010900
46150,남정동,4615011600
46150,덕암동,4615011300
46150,덕월동,4615012700
46150,동외동,4615012200
46150,매곡동,4615010700
46150,생목동,4615011200
46150,서면,4615032000
46150,석현동,4615010800
46150,연향동,4615011400
46150,오천동,4615012600
46150,옥천동,4615010400
46150,왕지동,4615013200
46150,용당동,4615011000
46150,인제동,4615011700
46150,저전동,4615011800
46150,조곡동,4615011100
46150,조례동,4615013300
46150,풍덕동,4615011500
46150,해룡면,4615031000
46150,행동,4615010500
46910,지도읍,4691025000
46130,고소동,4613010500
46130,관문동,4613010400
46130,광무동,4613011200
46130,국동,4613011700
46130,남산동,4613011600
46130,덕충동,4613012600
46130,돌산읍,4613025000
46130,둔덕동,4613012300
46130,문수동,4613012000
46130,미평동,4613012200
46130,봉강동,4613011400
46130,봉계동,4613013900
46130,선원동,4613013500
46130,소라면,4613031000
46130,소호동,4613013100
46130,수정동,4613010200
46130,시전동,4613013200
46130,신기동,4613013300
46130,신월동,4613011800
46130,안산동,4613013000
46130,여서동,4613011900
46130,연등동,4613011100
46130,오림동,4613012100
46130,웅천동,4613013400
46130,율촌면,4613032000
46130,종화동,4613010100
46130,주삼동,4613013800
46130,충무동,4613011000
46130,학동,4613012800
46130,화장동,4613013700
46870,법성면,4687037000
46870,영광읍,4687025000
46870,홍농읍,4687025600
46830,삼호읍,4683025300
46830,신북면,4683033000
46830,영암읍,4683025000
46830,학산면,4683038000
46890,완도읍,4689025000
46880,삼계면,4688035000
46880,장성읍,4688025000
46880,황룡면,4688036000
46800,장흥읍,4680025000
46800,회진면,4680037000
46900,임회면,4690034000
46900,진도읍,4690025000
46860,월야면,4686038000
46860,함평읍,4686025000
46860,해보면,4686037000
46820,문내면,4682042000
46820,북평면,4682035000
46820,송지면,4682034000
46820,해남읍,4682025000
46820,황산면,4682040000
46790,능주면,4679035000
46790,화순읍,4679025000
50130,강정동,5013011600
50130,남원읍,5013025300
50130,대정읍,5013025000
50130,대포동,5013011400
50130,동홍동,5013010500
50130,법환동,5013010200
50130,보목동,5013011000
50130,색달동,5013011900
50130,서귀동,5013010100
50130,서호동,5013010300
50130,서홍동,5013010600
50130,성산읍,5013025900
50130,신효동,5013010900
50130,안덕면,5013031000
50130,중문동,5013011200
50130,토평동,5013011100
50130,표선면,5013032000
50130,하원동,5013011800
50130,하효동,5013010800
50130,호근동,5013010400
50130,회수동,5013011300
50110,건입동,5011010700
50110,구좌읍,5011025600
50110,내도동,5011014000
50110,노형동,5011012200
50110,도남동,5011012900
50110,도두이동,5011012800
50110,도두일동,5011012700
50110,도련이동,5011013100
50110,도련일동,5011013000
50110,도평동,5011013800
50110,봉개동,5011011600
50110,삼도이동,5011010600
50110,삼도일동,5011010500
50110,삼양이동,5011011400
50110,삼양일동,5011011300
50110,아라이동,5011011800
50110,아라일동,5011011700
50110,애월읍,5011025300
50110,연동,5011013700
50110,영평동,5011013600
50110,오등동,5011013400
50110,오라삼동,5011012100
50110,오라이동,5011012000
50110,오라일동,5011011900
50110,외도일동,5011012300
50110,용담삼동,5011011000
50110,용담이동,5011010900
50110,용담일동,5011010800
50110,월평동,5011013500
50110,이도이동,5011010400
50110,이도일동,5011010300
50110,이호이동,5011012600
50110,일도이동,5011010200
50110,일도일동,5011010100
50110,조천읍,5011025900
50110,한경면,5011031000
50110,한림읍,5011025000
50110,해안동,5011013900
50110,화북이동,5011011200
50110,화북일동,5011011100
50110,회천동,5011013300
